﻿{"frames": [

{
	"filename": "Symbol 5 instance 10000",
	"frame": {"x":0,"y":0,"w":505,"h":93},
	"rotated": false,
	"trimmed": false,
	"spriteSourceSize": {"x":0,"y":0,"w":505,"h":93},
	"sourceSize": {"w":505,"h":93}
}
,{
	"filename": "Symbol 5 instance 10001",
	"frame": {"x":505,"y":0,"w":505,"h":93},
	"rotated": false,
	"trimmed": false,
	"spriteSourceSize": {"x":0,"y":0,"w":505,"h":93},
	"sourceSize": {"w":505,"h":93}
}],
"meta": {
	"app": "Adobe Animate",
	"version": "20.0.1.19255",
	"image": "Rectangle box.png",
	"format": "RGBA8888",
	"size": {"w":1011,"h":96},
	"scale": "1"
}
}
