﻿{"frames": [

{
	"filename": "Symbol 1 instance 10000",
	"frame": {"x":0,"y":0,"w":98,"h":101},
	"rotated": false,
	"trimmed": false,
	"spriteSourceSize": {"x":0,"y":0,"w":98,"h":101},
	"sourceSize": {"w":98,"h":101}
}
,{
	"filename": "Symbol 1 instance 10001",
	"frame": {"x":98,"y":0,"w":98,"h":101},
	"rotated": false,
	"trimmed": false,
	"spriteSourceSize": {"x":0,"y":0,"w":98,"h":101},
	"sourceSize": {"w":98,"h":101}
}],
"meta": {
	"app": "Adobe Animate",
	"version": "20.0.1.19255",
	"image": "Square Box.png",
	"format": "RGBA8888",
	"size": {"w":204,"h":104},
	"scale": "1"
}
}
